Deeann,Cluley,dcluley0@artisteer.com
Nathalia,Bayston,nbayston1@sitemeter.com
Ricky,Brewood,rbrewood2@istockphoto.com
Gnni,Jorin,gjorin3@harvard.edu
Leeann,Penwarden,lpenwarden4@omniture.com
Maura,Geare,mgeare5@de.vu
Randie,Yurchenko,ryurchenko6@google.pl
Andriana,Tipper,atipper7@ow.ly
Jsandye,Pickless,jpickless8@google.nl
Janeczka,Hucknall,jhucknall9@slashdot.org
Tony,Buie,tbuiea@netscape.com
Cull,Van den Velden,cvandenveldenb@acquirethisname.com
Tab,Ragat,tragatc@opensource.org
Linnell,Frostdick,lfrostdickd@arizona.edu
Johnna,Janman,jjanmane@facebook.com
Nessy,Gaytor,ngaytorf@lycos.com
Luciano,Capps,lcappsg@usnews.com
Milzie,Keighley,mkeighleyh@goo.ne.jp
Drusy,Kyne,dkynei@weibo.com
Daniel,Heymann,dheymannj@e-recht24.de
Corenda,Cumberlidge,ccumberlidgek@un.org
Mikel,Romanski,mromanskil@freewebs.com
Tadio,McIlvenna,tmcilvennam@mlb.com
Meara,McKellen,mmckellenn@google.com.hk
Cherida,Grishmanov,cgrishmanovo@aboutads.info
Valentine,Gallon,vgallonp@nba.com
Sax,Hannibal,shannibalq@disqus.com
Thorndike,Queenborough,tqueenboroughr@usgs.gov
Ike,Major,imajors@51.la
Arne,Daunter,adauntert@time.com
Huey,Grimley,hgrimleyu@t-online.de
Amaleta,Finan,afinanv@sbwire.com
Rycca,Melsome,rmelsomew@exblog.jp
Nikaniki,Ramey,nrameyx@geocities.com
Kareem,Rickersey,krickerseyy@timesonline.co.uk
Dodi,Samwyse,dsamwysez@amazonaws.com
Petrina,Ruggs,pruggs10@spotify.com
Julietta,Ceci,jceci11@imdb.com
Kaitlyn,Nehls,knehls12@cbsnews.com
Silvie,Stranaghan,sstranaghan13@fastcompany.com
Terrie,Petyakov,tpetyakov14@omniture.com
Leila,Calderon,lcalderon15@patch.com
Kirstyn,Claffey,kclaffey16@google.ca
Kamila,Eastby,keastby17@businessweek.com
Maxie,Cammell,mcammell18@prweb.com
Octavia,Eberdt,oeberdt19@auda.org.au
Chery,Biggen,cbiggen1a@freewebs.com
Nady,Wallen,nwallen1b@e-recht24.de
Hillie,Beteriss,hbeteriss1c@boston.com
Rollie,Bezley,rbezley1d@discuz.net
Axe,Dwelly,adwelly1e@livejournal.com
Winnifred,Wickman,wwickman1f@oakley.com
Marybeth,Scarse,mscarse1g@nyu.edu
Rhianon,Baudic,rbaudic1h@usnews.com
Benny,Raithby,braithby1i@washington.edu
Damien,Altimas,daltimas1j@ucla.edu
Lilly,Schall,lschall1k@bloomberg.com
Esmaria,Piner,epiner1l@pagesperso-orange.fr
Rriocard,Hembrow,rhembrow1m@wunderground.com
Rutledge,de la Valette Parisot,rdelavaletteparisot1n@hostgator.com
Minna,Krzyzowski,mkrzyzowski1o@geocities.com
Rolfe,Cairney,rcairney1p@house.gov
Lucian,Simmins,lsimmins1q@flavors.me
Gonzales,Clubbe,gclubbe1r@jigsy.com
Christian,Jodrelle,cjodrelle1s@wix.com
Trstram,Buckingham,tbuckingham1t@unesco.org
Correy,Gladdifh,cgladdifh1u@netlog.com
Xavier,Tyt,xtyt1v@tinypic.com
Jedediah,Blose,jblose1w@bravesites.com
Diena,Raffin,draffin1x@biglobe.ne.jp
Alaster,Beardsworth,abeardsworth1y@statcounter.com
Meredeth,Holyard,mholyard1z@w3.org
Cornie,Bassil,cbassil20@51.la
Lethia,Wickens,lwickens21@google.com.au
Brit,Stamp,bstamp22@360.cn
Marwin,Fernie,mfernie23@cargocollective.com
Ninnette,Gliddon,ngliddon24@bing.com
Micki,Scheffel,mscheffel25@amazon.de
Larissa,Goater,lgoater26@nydailynews.com
Sherman,Poate,spoate27@virginia.edu
Durward,Elington,delington28@upenn.edu
Laure,Capstick,lcapstick29@furl.net
Malvin,Calderon,mcalderon2a@pcworld.com
Moises,Gaudon,mgaudon2b@hugedomains.com
Geoffry,Bryson,gbryson2c@about.me
Domingo,Brierley,dbrierley2d@tumblr.com
Lars,Spread,lspread2e@craigslist.org
Risa,Andrus,randrus2f@ehow.com
Joana,Barkway,jbarkway2g@dell.com
Garrick,Garry,ggarry2h@huffingtonpost.com
Lynnea,Feifer,lfeifer2i@prweb.com
Felicle,Collihole,fcollihole2j@tinyurl.com
Hatty,Sutliff,hsutliff2k@adobe.com
Callie,Blaxland,cblaxland2l@miitbeian.gov.cn
Friederike,Joll,fjoll2m@merriam-webster.com
Kylen,Cristofano,kcristofano2n@nih.gov
Dagny,Duxbury,dduxbury2o@sphinn.com
Zaccaria,Matterson,zmatterson2p@patch.com
Elmira,Stoneley,estoneley2q@springer.com
Eward,Daymond,edaymond2r@walmart.com
Sutherlan,Cristofaro,scristofaro2s@over-blog.com
Leah,Le Count,llecount2t@springer.com
Jerrilyn,Gathwaite,jgathwaite2u@psu.edu
Stepha,Reame,sreame2v@github.io
Vinnie,Barnhill,vbarnhill2w@ezinearticles.com
Ellynn,Rosas,erosas2x@arstechnica.com
Ki,Rose,krose2y@ning.com
Nilson,Claxson,nclaxson2z@stumbleupon.com
Hewet,Ayree,hayree30@reverbnation.com
Brok,Murrhaupt,bmurrhaupt31@accuweather.com
Brody,Dagleas,bdagleas32@newsvine.com
Reilly,Yurchenko,ryurchenko33@google.ca
Normand,McKelloch,nmckelloch34@ft.com
Jenda,Toft,jtoft35@rediff.com
Luelle,Corryer,lcorryer36@bloglines.com
Bryanty,Cockayme,bcockayme37@domainmarket.com
Emera,Giroldi,egiroldi38@goo.ne.jp
Branden,Simcox,bsimcox39@cornell.edu
Toma,Denisovich,tdenisovich3a@telegraph.co.uk
Berrie,Daniell,bdaniell3b@toplist.cz
Karleen,Duprey,kduprey3c@com.com
Portie,End,pend3d@netscape.com
Erminie,Clegg,eclegg3e@sun.com
Tabbitha,Hawkett,thawkett3f@cnn.com
Vergil,Bestall,vbestall3g@baidu.com
Honoria,Tabner,htabner3h@reverbnation.com
Durward,Schult,dschult3i@e-recht24.de
Dyanne,Freeberne,dfreeberne3j@github.io
Judy,O'Hallihane,johallihane3k@blog.com
Dewitt,McCaughan,dmccaughan3l@engadget.com
Carita,Phillips,cphillips3m@omniture.com
Nerissa,Busswell,nbusswell3n@rediff.com
Thorn,Benedito,tbenedito3o@timesonline.co.uk
Cloe,Hegges,chegges3p@livejournal.com
Chrysa,Dofty,cdofty3q@meetup.com
Ronnie,Domnin,rdomnin3r@google.com.br
Sterling,Grigg,sgrigg3s@wikia.com
Noble,Ivanitsa,nivanitsa3t@theatlantic.com
Errol,Trotter,etrotter3u@parallels.com
Jess,Lidgley,jlidgley3v@flavors.me
Tate,Tiltman,ttiltman3w@usnews.com
Monah,Lowfill,mlowfill3x@ustream.tv
Gert,Chapman,gchapman3y@sohu.com
Wyndham,Caillou,wcaillou3z@drupal.org
Brander,Reddihough,breddihough40@mtv.com
Valaree,Lumber,vlumber41@cargocollective.com
Alfonse,Edsell,aedsell42@google.nl
Tanner,Mc Dermid,tmcdermid43@redcross.org
August,Torrijos,atorrijos44@earthlink.net
Katharyn,Mundwell,kmundwell45@hc360.com
Nanine,Tuftin,ntuftin46@google.co.uk
Mickie,Linsey,mlinsey47@illinois.edu
Rusty,Alcott,ralcott48@facebook.com
Roobbie,Aldus,raldus49@nationalgeographic.com
Nike,Padilla,npadilla4a@skype.com
Tammara,Bickersteth,tbickersteth4b@furl.net
Braden,Jeays,bjeays4c@tinypic.com
Arley,Hiddy,ahiddy4d@sina.com.cn
Ravi,Alesi,ralesi4e@mit.edu
Gail,Chritchley,gchritchley4f@dedecms.com
Claire,MacDearmid,cmacdearmid4g@bbb.org
Natassia,Pacher,npacher4h@blogspot.com
Rosella,Shorey,rshorey4i@slate.com
Colly,Mozzetti,cmozzetti4j@netvibes.com
Elfrieda,Gommowe,egommowe4k@opera.com
Abigael,Hessing,ahessing4l@usnews.com
Leese,Minghella,lminghella4m@webmd.com
Dillon,Toll,dtoll4n@opensource.org
Randa,Totaro,rtotaro4o@nyu.edu
Anabel,Stanlock,astanlock4p@list-manage.com
Aura,Colbert,acolbert4q@columbia.edu
Rusty,Vickery,rvickery4r@sfgate.com
Averyl,Gagen,agagen4s@flickr.com
Loy,Kinavan,lkinavan4t@mac.com
Kora,Newens,knewens4u@si.edu
Cart,Lyle,clyle4v@whitehouse.gov
Abbe,Tunkin,atunkin4w@nih.gov
Carla,Bockmaster,cbockmaster4x@nature.com
Benedick,Trayhorn,btrayhorn4y@1und1.de
Doy,Lauritsen,dlauritsen4z@shop-pro.jp
Renelle,Dibbert,rdibbert50@ucoz.com
Walt,Rooson,wrooson51@cbslocal.com
Bartholomew,Malthouse,bmalthouse52@answers.com
Cloe,Bratten,cbratten53@vk.com
Devan,Plascott,dplascott54@instagram.com
Johnnie,Headey,jheadey55@dagondesign.com
Clemmie,Ludye,cludye56@cnn.com
Adelaide,Claydon,aclaydon57@nature.com
Vin,Krolman,vkrolman58@wunderground.com
Kiersten,Ordish,kordish59@webnode.com
Glenden,Pierce,gpierce5a@yelp.com
Delmar,Kinzett,dkinzett5b@hud.gov
Walsh,Townson,wtownson5c@cisco.com
Madeline,Thornhill,mthornhill5d@oracle.com
Peta,Casserley,pcasserley5e@ca.gov
Crystie,Bartrum,cbartrum5f@rambler.ru
Olivette,Robeiro,orobeiro5g@reddit.com
Leanna,Snowdon,lsnowdon5h@umich.edu
Penn,Mattaser,pmattaser5i@blogs.com
Marna,Mellmer,mmellmer5j@mysql.com
Roseanna,Vagges,rvagges5k@wired.com
Clayborne,Sabine,csabine5l@redcross.org
Corrine,Tillman,ctillman5m@oakley.com
Derril,Dykas,ddykas5n@ask.com
Beauregard,Tollet,btollet5o@google.co.uk
Osbourne,Brissard,obrissard5p@plala.or.jp
Torrey,O'Curneen,tocurneen5q@apple.com
Samantha,Strangward,sstrangward5r@sogou.com
Emmalynn,Platt,eplatt5s@dell.com
Bernhard,Kunzler,bkunzler5t@hostgator.com
Del,Durek,ddurek5u@arizona.edu
Milka,Castangia,mcastangia5v@google.fr
Sigismund,De Miranda,sdemiranda5w@mapquest.com
Nolly,Beckson,nbeckson5x@instagram.com
Cicely,Palk,cpalk5y@hc360.com
Gannon,Wayte,gwayte5z@ftc.gov
Juditha,Briatt,jbriatt60@sun.com
Karen,Nunan,knunan61@hostgator.com
Lynnell,Pero,lpero62@scientificamerican.com
Wilie,Manilove,wmanilove63@t-online.de
Rowe,Brawson,rbrawson64@miibeian.gov.cn
Jorie,Tarquini,jtarquini65@auda.org.au
Monti,Ansett,mansett66@google.pl
Nat,Urch,nurch67@timesonline.co.uk
Roseline,Gummery,rgummery68@elegantthemes.com
Louisa,Rutt,lrutt69@nytimes.com
Merci,Elsom,melsom6a@spotify.com
Mallissa,Clemmey,mclemmey6b@paypal.com
Dru,Januszewicz,djanuszewicz6c@unicef.org
Harley,Gathercoal,hgathercoal6d@gov.uk
Hamish,Hallor,hhallor6e@sciencedirect.com
Brian,Kerfod,bkerfod6f@hibu.com
Karlie,Banford,kbanford6g@pen.io
Bryant,Pinchin,bpinchin6h@about.me
Alaster,Attwood,aattwood6i@google.ru
Austina,Pashby,apashby6j@moonfruit.com
Dorolisa,Meach,dmeach6k@amazon.com
Theodore,Waiting,twaiting6l@ehow.com
Sinclair,Bussens,sbussens6m@example.com
Cathe,Gianneschi,cgianneschi6n@last.fm
Dulci,Domoney,ddomoney6o@census.gov
Leonelle,Coard,lcoard6p@woothemes.com
Quinn,Fraanchyonok,qfraanchyonok6q@multiply.com
Alexio,Norrie,anorrie6r@cornell.edu
Alberik,Gaitone,agaitone6s@washington.edu
Petunia,Beig,pbeig6t@omniture.com
Issiah,Boag,iboag6u@google.es
Ethyl,Bea,ebea6v@mysql.com
Adela,Corps,acorps6w@github.com
Clifford,Killingsworth,ckillingsworth6x@earthlink.net
Nolan,Yerrell,nyerrell6y@wsj.com
Jamima,Dimmock,jdimmock6z@yolasite.com
Cchaddie,Struttman,cstruttman70@icq.com
Glad,Bunstone,gbunstone71@jimdo.com
Rik,Perllman,rperllman72@biglobe.ne.jp
Ermin,Corain,ecorain73@cocolog-nifty.com
Kelsey,Goward,kgoward74@stumbleupon.com
Madelena,Gurko,mgurko75@tripadvisor.com
Arvy,Gilder,agilder76@amazon.co.jp
Gretna,Wiggall,gwiggall77@examiner.com
Gabrila,Tadd,gtadd78@seesaa.net
Ailis,Smythin,asmythin79@wikimedia.org
Angeline,Padell,apadell7a@discovery.com
Julianna,Rozier,jrozier7b@seesaa.net
Darlene,Notman,dnotman7c@privacy.gov.au
Roxanne,Eschelle,reschelle7d@symantec.com
Sybil,Lathe,slathe7e@twitter.com
Herculie,Risely,hrisely7f@tmall.com
Miof mela,Stiller,mstiller7g@sohu.com
Aime,Aland,aaland7h@flickr.com
Crysta,Dargue,cdargue7i@ovh.net
Milo,Leask,mleask7j@merriam-webster.com
Lucretia,Markwick,lmarkwick7k@unc.edu
Kevan,Zoren,kzoren7l@umich.edu
Miran,Bridges,mbridges7m@comcast.net
Carlo,Medmore,cmedmore7n@harvard.edu
Albina,Oty,aoty7o@networksolutions.com
Shela,Ditchfield,sditchfield7p@prlog.org
Selma,Lammiman,slammiman7q@posterous.com
Agosto,Milington,amilington7r@jigsy.com
Tedra,Sussems,tsussems7s@printfriendly.com
Aline,Dillinger,adillinger7t@ycombinator.com
Rhodia,Reeme,rreeme7u@angelfire.com
Zach,Wissbey,zwissbey7v@cafepress.com
Ephrem,Bordman,ebordman7w@tinyurl.com
Graehme,Prendergast,gprendergast7x@weebly.com
Armin,Couling,acouling7y@topsy.com
Annabal,Shawley,ashawley7z@wunderground.com
Darcy,O'Hollegan,dohollegan80@ifeng.com
Jodie,Huckstepp,jhuckstepp81@skyrock.com
Kristyn,Drummond,kdrummond82@devhub.com
Cherrita,Dunne,cdunne83@tinypic.com
Maurice,Geertje,mgeertje84@cmu.edu
Griswold,Smeeton,gsmeeton85@behance.net
Dena,Harcus,dharcus86@nsw.gov.au
Lalo,Bricham,lbricham87@berkeley.edu
Kellyann,Tilzey,ktilzey88@upenn.edu
Pennie,Coulter,pcoulter89@opensource.org
Jannelle,Brayne,jbrayne8a@addtoany.com
Brunhilda,Hammatt,bhammatt8b@nsw.gov.au
Bernhard,Strickland,bstrickland8c@g.co
Thatch,McNicol,tmcnicol8d@dailymotion.com
Marlee,Slegg,mslegg8e@prnewswire.com
Christy,Zecchinelli,czecchinelli8f@typepad.com
Ulrick,Roussell,uroussell8g@google.nl
Gilbertina,Klassmann,gklassmann8h@npr.org
Chickie,Worgan,cworgan8i@wp.com
Ange,Benoit,abenoit8j@disqus.com
Briggs,Oglethorpe,boglethorpe8k@craigslist.org
Calli,Schenfisch,cschenfisch8l@statcounter.com
Eberhard,Rubinow,erubinow8m@uol.com.br
Carlye,Askham,caskham8n@phpbb.com
Bartlet,Mabbs,bmabbs8o@ask.com
Ilise,Ratie,iratie8p@phoca.cz
Wynnie,Penketh,wpenketh8q@youtu.be
Kev,Slucock,kslucock8r@addthis.com
Jaimie,Tuckett,jtuckett8s@ocn.ne.jp
Margy,Mogenot,mmogenot8t@ftc.gov
Cinnamon,Dahmel,cdahmel8u@foxnews.com
Shaina,Peskett,speskett8v@admin.ch
Willetta,Kruszelnicki,wkruszelnicki8w@domainmarket.com
Kitti,Sywell,ksywell8x@noaa.gov
Monika,McCarter,mmccarter8y@tripod.com
Karel,Rawlinson,krawlinson8z@prlog.org
Marilee,Govern,mgovern90@about.me
Cecile,Janjusevic,cjanjusevic91@xinhuanet.com
Alis,Beernaert,abeernaert92@google.co.jp
Giraldo,Litt,glitt93@myspace.com
Pablo,Quinby,pquinby94@vistaprint.com
Rowe,Arnhold,rarnhold95@bluehost.com
Lise,Gypson,lgypson96@4shared.com
Sharron,Pargeter,spargeter97@about.me
Rollie,Bown,rbown98@ebay.co.uk
Faythe,Duggary,fduggary99@discuz.net
Georgeta,Klugman,gklugman9a@whitehouse.gov
Fiann,Dumpleton,fdumpleton9b@toplist.cz
Stanley,Houtby,shoutby9c@tripod.com
Verine,Cowper,vcowper9d@reuters.com
Costanza,Ivan,civan9e@weather.com
Marguerite,Mechem,mmechem9f@t.co
Janeta,Barnewelle,jbarnewelle9g@wordpress.com
Byram,Kubyszek,bkubyszek9h@nsw.gov.au
Arv,McAteer,amcateer9i@state.gov
Jenilee,Jaimez,jjaimez9j@sitemeter.com
Kathi,Duckels,kduckels9k@sourceforge.net
Peter,Piesing,ppiesing9l@nymag.com
Costanza,Ivkovic,civkovic9m@tuttocitta.it
Marlin,Ditchfield,mditchfield9n@opera.com
Nevile,Barlee,nbarlee9o@google.ca
Kylie,Cuschieri,kcuschieri9p@domainmarket.com
Gabbey,Shadfourth,gshadfourth9q@photobucket.com
Rene,Whordley,rwhordley9r@jimdo.com
Emiline,Hanhardt,ehanhardt9s@blog.com
Libbie,Fredy,lfredy9t@yolasite.com
Martyn,Riseley,mriseley9u@mayoclinic.com
Sissy,Culkin,sculkin9v@yandex.ru
Sharla,Kesby,skesby9w@51.la
Cami,Rosa,crosa9x@comcast.net
Phillip,Mabey,pmabey9y@washingtonpost.com
Corbie,Benzie,cbenzie9z@earthlink.net
Greer,Rosenblad,grosenblada0@about.com
Galvin,Colten,gcoltena1@i2i.jp
Cole,Coling,ccolinga2@xinhuanet.com
Gregoire,Askew,gaskewa3@youtu.be
Baxy,Congdon,bcongdona4@icio.us
Torre,McGrale,tmcgralea5@nyu.edu
Gerry,Edgin,gedgina6@nationalgeographic.com
Nealon,Wyllcocks,nwyllcocksa7@bloglovin.com
Prudy,Poulett,ppouletta8@globo.com
Odey,Vann,ovanna9@paginegialle.it
Kandace,Sturridge,ksturridgeaa@tuttocitta.it
Yolanda,Hawken,yhawkenab@cargocollective.com
Elmer,Hulkes,ehulkesac@histats.com
Kellina,Toomer,ktoomerad@statcounter.com
Anthia,Gostick,agostickae@lycos.com
Bryan,Lidgerton,blidgertonaf@cbc.ca
Brucie,Goundry,bgoundryag@slashdot.org
Stephani,Fessby,sfessbyah@msu.edu
Jodi,Duck,jduckai@plala.or.jp
Virgilio,Rustadge,vrustadgeaj@e-recht24.de
Hannis,Salvadori,hsalvadoriak@google.com
Roby,Fishley,rfishleyal@amazon.de
Prince,Aherne,paherneam@ameblo.jp
Lianna,Joanaud,ljoanaudan@un.org
Bryant,Klimkovich,bklimkovichao@va.gov
Lonee,Clemoes,lclemoesap@wordpress.org
Jeniece,Paddingdon,jpaddingdonaq@nhs.uk
Anet,Brunsdon,abrunsdonar@paypal.com
Rhonda,Prattington,rprattingtonas@huffingtonpost.com
Lisabeth,Seneschal,lseneschalat@google.nl
Cherey,McInerney,cmcinerneyau@redcross.org
Alvy,Keunemann,akeunemannav@oracle.com
Josselyn,Atkinson,jatkinsonaw@thetimes.co.uk
Shanie,Spendlove,sspendloveax@gmpg.org
Beilul,Dunabie,bdunabieay@nationalgeographic.com
Darill,Wooffitt,dwooffittaz@uiuc.edu
Boigie,Cheales,bchealesb0@gmpg.org
Matteo,Ramel,mramelb1@stumbleupon.com
Valentijn,Bettley,vbettleyb2@cafepress.com
Rex,Nears,rnearsb3@bbb.org
Zeb,Garrigan,zgarriganb4@cdbaby.com
Clarisse,Kenney,ckenneyb5@irs.gov
Celestine,Frounks,cfrounksb6@shop-pro.jp
Tobit,Casari,tcasarib7@hexun.com
Ainsley,Kilgannon,akilgannonb8@hhs.gov
Susanne,Bendson,sbendsonb9@mozilla.com
Lucienne,Debrett,ldebrettba@github.com
Standford,McSherry,smcsherrybb@smugmug.com
Nicolis,MacCracken,nmaccrackenbc@vkontakte.ru
Kurtis,Carlon,kcarlonbd@oracle.com
Igor,Skinner,iskinnerbe@trellian.com
Traver,Farrance,tfarrancebf@blogs.com
Felice,Vann,fvannbg@taobao.com
Shoshana,Dono,sdonobh@who.int
Calypso,Chamley,cchamleybi@washington.edu
Doro,Rodie,drodiebj@wp.com
Morten,Domanek,mdomanekbk@slashdot.org
Carmella,Boag,cboagbl@elegantthemes.com
Tamiko,MacGahey,tmacgaheybm@google.ca
Karlis,Rosgen,krosgenbn@state.gov
Liv,Gadsdon,lgadsdonbo@freewebs.com
Langsdon,Barnett,lbarnettbp@plala.or.jp
Berthe,Bleasdille,bbleasdillebq@dion.ne.jp
Dorree,Heaseman,dheasemanbr@shutterfly.com
Remus,Winney,rwinneybs@howstuffworks.com
Neile,Sollner,nsollnerbt@gravatar.com
Connie,Sterley,csterleybu@comsenz.com
Maddie,Stroulger,mstroulgerbv@google.cn
Asher,Ferneyhough,aferneyhoughbw@oakley.com
Joellen,Blaes,jblaesbx@comsenz.com
Cindelyn,Burras,cburrasby@cbslocal.com
Rosamond,Gorst,rgorstbz@wiley.com
Amelie,Shewry,ashewryc0@alibaba.com
Cathrine,Livick,clivickc1@abc.net.au
Alexis,Lattos,alattosc2@meetup.com
Dorie,Sidworth,dsidworthc3@squidoo.com
Salomone,Stickler,ssticklerc4@netvibes.com
Catherina,Bartleet,cbartleetc5@unicef.org
Wright,Peetermann,wpeetermannc6@dmoz.org
Elaina,Leveridge,eleveridgec7@icio.us
Euphemia,Thormann,ethormannc8@apple.com
Alidia,Mourant,amourantc9@berkeley.edu
Nesta,Gilleson,ngillesonca@google.com.hk
Prisca,Kaas,pkaascb@infoseek.co.jp
Inessa,Sparrowe,isparrowecc@google.de
Marlene,Vitet,mvitetcd@alexa.com
Heinrik,Jeannaud,hjeannaudce@umich.edu
Carlina,Freer,cfreercf@elpais.com
Ruperto,Negri,rnegricg@deviantart.com
Annecorinne,Brandsma,abrandsmach@who.int
Terrance,Dallemore,tdallemoreci@hp.com
Stanislaw,Clemitt,sclemittcj@mapquest.com
Herminia,Paffitt,hpaffittck@arizona.edu
Anastassia,Schwartz,aschwartzcl@wikia.com
Albertina,Oty,aotycm@cnn.com
Donaugh,Lendrem,dlendremcn@theatlantic.com
Dacie,Dugald,ddugaldco@icq.com
Joel,Mulgrew,jmulgrewcp@umn.edu
Nanon,Bushnell,nbushnellcq@opera.com
Madelaine,Barks,mbarkscr@digg.com
Merwyn,Kuzemka,mkuzemkacs@ezinearticles.com
Lolita,Alsopp,lalsoppct@answers.com
Glenda,Lebourn,glebourncu@businessinsider.com
Ulrikaumeko,Tompkiss,utompkisscv@ifeng.com
Rosina,Kimbrey,rkimbreycw@senate.gov
Ina,Alsop,ialsopcx@ted.com
Jeth,Rush,jrushcy@wisc.edu
Derk,Ewin,dewincz@irs.gov
Rowen,Agostini,ragostinid0@sina.com.cn
Brittan,Diglin,bdiglind1@cdc.gov
Blanch,Brimley,bbrimleyd2@weebly.com
Rodrique,Hutchinson,rhutchinsond3@chron.com
Rosaline,Roland,rrolandd4@blogger.com
Alida,Yaldren,ayaldrend5@barnesandnoble.com
Gwynne,Wycliff,gwycliffd6@scientificamerican.com
Cassy,Mishaw,cmishawd7@reference.com
Nonnah,Erskin,nerskind8@sohu.com
Rene,Aronovich,raronovichd9@studiopress.com
Carlynn,Croucher,ccroucherda@chicagotribune.com
Simone,Halso,shalsodb@ustream.tv
Tremaine,Lannen,tlannendc@msu.edu
Ephrem,Arbor,earbordd@friendfeed.com
Donnamarie,Hartzogs,dhartzogsde@live.com
Nancie,Tyhurst,ntyhurstdf@senate.gov
Petrina,Bonallick,pbonallickdg@uol.com.br
Fons,Ferrero,fferrerodh@dropbox.com
Teddy,Wims,twimsdi@vk.com
Darline,Antoniazzi,dantoniazzidj@cam.ac.uk
Jany,De Lasci,jdelascidk@wikispaces.com
Jamal,Feldbau,jfeldbaudl@loc.gov
Burl,Stebbin,bstebbindm@phoca.cz
Field,Grouse,fgrousedn@house.gov
Granville,Terry,gterrydo@domainmarket.com
Etta,Cattrall,ecattralldp@utexas.edu
Dale,Ovitts,dovittsdq@about.com
Courtney,Guislin,cguislindr@chron.com
Shaylyn,Musslewhite,smusslewhiteds@unblog.fr
Clea,Huortic,chuorticdt@amazon.com
Clarine,Hardey,chardeydu@europa.eu
Anatola,Belk,abelkdv@oaic.gov.au
Dun,Crowdace,dcrowdacedw@networkadvertising.org
Ainslie,Studders,astuddersdx@marketwatch.com
Westley,Haselden,whaseldendy@free.fr
Meryl,Neles,mnelesdz@cmu.edu
Burnard,Gameson,bgamesone0@arstechnica.com
Mignon,Cellone,mcellonee1@ning.com
Eberto,Kocher,ekochere2@comsenz.com
Bliss,Thunnercliffe,bthunnercliffee3@fda.gov
Meredeth,Sabater,msabatere4@dedecms.com
Alfonso,Costelloe,acostelloee5@github.io
Lory,Hadcock,lhadcocke6@blogger.com
Edita,Screech,escreeche7@upenn.edu
Verile,Himpson,vhimpsone8@dagondesign.com
Siouxie,Kilkenny,skilkennye9@symantec.com
Berne,Cotte,bcotteea@uol.com.br
Joseph,Janikowski,jjanikowskieb@de.vu
Celinka,Birtwistle,cbirtwistleec@weibo.com
Ivett,Veart,ivearted@boston.com
Hermy,Buttwell,hbuttwellee@themeforest.net
Vincents,Fifield,vfifieldef@de.vu
Jeniece,Paulsen,jpaulseneg@lycos.com
Amil,Holligan,aholliganeh@bluehost.com
Patsy,Reedshaw,preedshawei@bing.com
Aldis,Rawlison,arawlisonej@auda.org.au
Charita,Reeks,creeksek@gizmodo.com
Catie,Kenset,ckensetel@cbc.ca
Constantin,Comben,ccombenem@tinyurl.com
Yves,Dobey,ydobeyen@delicious.com
Renato,Stickland,rsticklandeo@forbes.com
Dalila,Hughland,dhughlandep@bbb.org
Belita,Lygoe,blygoeeq@spotify.com
Ambrosius,Haydock,ahaydocker@newyorker.com
Lezlie,Broadstock,lbroadstockes@t.co
Mathias,Pilch,mpilchet@csmonitor.com
Far,Lobb,flobbeu@comsenz.com
Margaretha,Rumbellow,mrumbellowev@cmu.edu
Hali,Esselen,hesselenew@pagesperso-orange.fr
Bessy,Grocutt,bgrocuttex@taobao.com
Marybelle,Sproston,msprostoney@seesaa.net
Hettie,Cowen,hcowenez@artisteer.com
Julie,Bolton,jboltonf0@weather.com
Binny,Daverin,bdaverinf1@seattletimes.com
Rozelle,Anfossi,ranfossif2@house.gov
Kristien,Disman,kdismanf3@vk.com
Marietta,Wetheril,mwetherilf4@xinhuanet.com
Tracey,O'Concannon,toconcannonf5@delicious.com
Cacilie,Rubinowitsch,crubinowitschf6@skyrock.com
Ira,Potteridge,ipotteridgef7@soundcloud.com
Janeva,Busby,jbusbyf8@meetup.com
Caron,Clapison,cclapisonf9@ox.ac.uk
Roseann,Schubart,rschubartfa@skyrock.com
Thomasin,Emma,temmafb@vkontakte.ru
Lew,Welman,lwelmanfc@nytimes.com
Wye,Nasi,wnasifd@spiegel.de
Lucilia,Simka,lsimkafe@mediafire.com
Kristoforo,Khristoforov,kkhristoforovff@csmonitor.com
Estele,Gerard,egerardfg@wikia.com
Briney,Cockerill,bcockerillfh@hibu.com
Sophi,Roy,sroyfi@qq.com
Morley,Jolin,mjolinfj@cornell.edu
Marcy,Brand-Hardy,mbrandhardyfk@ustream.tv
Walliw,Bartot,wbartotfl@1688.com
Jeniffer,Hendrikse,jhendriksefm@example.com
Trace,Berkley,tberkleyfn@imgur.com
Carmel,Goldsbrough,cgoldsbroughfo@istockphoto.com
Koral,Faireclough,kfairecloughfp@usa.gov
Gwendolin,Bonsall,gbonsallfq@ucoz.ru
Janos,Breede,jbreedefr@uiuc.edu
Langsdon,Quig,lquigfs@berkeley.edu
Dillon,Osselton,dosseltonft@youtube.com
Rodger,Stilgoe,rstilgoefu@fda.gov
Saunder,Axcell,saxcellfv@mozilla.org
Desi,Girod,dgirodfw@bluehost.com
Konrad,Cadreman,kcadremanfx@dyndns.org
Cleveland,Abbado,cabbadofy@hao123.com
Rodolph,Dunmuir,rdunmuirfz@a8.net
Harmonia,Gurko,hgurkog0@google.cn
Redd,Sprigging,rspriggingg1@pen.io
Manfred,Giacometti,mgiacomettig2@fastcompany.com
Andre,Cartwight,acartwightg3@psu.edu
Gerty,Mitkov,gmitkovg4@wikispaces.com
Larry,Hanford,lhanfordg5@posterous.com
Eb,Rosedale,erosedaleg6@youtube.com
Odelinda,Lardez,olardezg7@samsung.com
Nicole,Wagstaff,nwagstaffg8@marketwatch.com
Marsha,Shalloo,mshalloog9@usda.gov
Benny,Portman,bportmanga@tamu.edu
Alonso,Simenot,asimenotgb@addtoany.com
Leeanne,Sleith,lsleithgc@cmu.edu
Roby,Kempston,rkempstongd@auda.org.au
Horton,Williams,hwilliamsge@timesonline.co.uk
Malinde,Tuting,mtutinggf@surveymonkey.com
Rodge,Phizackerly,rphizackerlygg@ebay.co.uk
Georgeta,Knapman,gknapmangh@mac.com
Baron,Muirhead,bmuirheadgi@cam.ac.uk
Colman,Farnaby,cfarnabygj@stumbleupon.com
Sheena,McGilvary,smcgilvarygk@e-recht24.de
Rea,Beauchop,rbeauchopgl@studiopress.com
Dorey,Devonport,ddevonportgm@oaic.gov.au
Ezequiel,Osbidston,eosbidstongn@utexas.edu
Anastasie,McQuaide,amcquaidego@qq.com
Linn,MacUchadair,lmacuchadairgp@php.net
Brok,Laraway,blarawaygq@soup.io
Rosalinda,McLurg,rmclurggr@liveinternet.ru
Perry,Woolcocks,pwoolcocksgs@yellowbook.com
Bank,Colclough,bcolcloughgt@prnewswire.com
Lydia,Whordley,lwhordleygu@youtube.com
Alexis,Ravenhills,aravenhillsgv@hao123.com
Jsandye,Bariball,jbariballgw@wikimedia.org
Danila,Gwilym,dgwilymgx@ucoz.com
Rupert,Aspall,raspallgy@utexas.edu
Lucho,Healey,lhealeygz@wufoo.com
Leila,Harcarse,lharcarseh0@fotki.com
Shaun,Cleiment,scleimenth1@list-manage.com
Rosetta,Clemintoni,rclemintonih2@tmall.com
Gates,Millen,gmillenh3@cpanel.net
Casi,Commings,ccommingsh4@pinterest.com
Courtney,Flori,cflorih5@amazon.de
Penny,O'Hanlon,pohanlonh6@jugem.jp
Keane,Kahane,kkahaneh7@eventbrite.com
Rosene,Dossetter,rdossetterh8@xrea.com
Abdel,Loughran,aloughranh9@oakley.com
Cullen,Cristea,ccristeaha@quantcast.com
Donavon,Dimitrov,ddimitrovhb@slashdot.org
Izak,Standbrooke,istandbrookehc@github.com
Gerri,Biesterfeld,gbiesterfeldhd@privacy.gov.au
Antonia,McGahy,amcgahyhe@jalbum.net
Flinn,Wilford,fwilfordhf@wikimedia.org
Christiano,Ben,cbenhg@tumblr.com
Zebedee,Podd,zpoddhh@shinystat.com
Savina,Hegg,shegghi@bloglines.com
Emelda,Moult,emoulthj@webs.com
Jazmin,Dinsey,jdinseyhk@dedecms.com
Nelia,Bolmann,nbolmannhl@ovh.net
Codi,Ambrois,cambroishm@amazonaws.com
Joella,Branchet,jbranchethn@huffingtonpost.com
Early,Kiln,ekilnho@accuweather.com
Milly,Leinthall,mleinthallhp@webeden.co.uk
Antonetta,Millichip,amillichiphq@nydailynews.com
Derk,Akess,dakesshr@amazon.co.uk
Trixie,Manie,tmaniehs@vistaprint.com
Freddi,Buyers,fbuyersht@weebly.com
Godwin,Kidd,gkiddhu@twitter.com
Viviene,Bolger,vbolgerhv@twitter.com
Marget,Lemerie,mlemeriehw@artisteer.com
Emiline,Glanton,eglantonhx@nationalgeographic.com
Mil,Ivashkin,mivashkinhy@army.mil
Diarmid,Robken,drobkenhz@ask.com
Orelee,Oty,ootyi0@phpbb.com
Jorey,Maguire,jmaguirei1@upenn.edu
Malena,Fladgate,mfladgatei2@fc2.com
Merrielle,Tillard,mtillardi3@elegantthemes.com
Hansiain,Lowell,hlowelli4@si.edu
Patten,Fiddian,pfiddiani5@list-manage.com
Cordi,Juliano,cjulianoi6@over-blog.com
Bogey,Doswell,bdoswelli7@bizjournals.com
Lou,Glinde,lglindei8@chron.com
Linette,Schonfeld,lschonfeldi9@networksolutions.com
Debee,Brompton,dbromptonia@nifty.com
Issiah,Oloman,iolomanib@webmd.com
Deeann,Igo,digoic@youku.com
Melinda,Corbridge,mcorbridgeid@prlog.org
Pancho,Doul,pdoulie@yellowpages.com
Sarajane,Thumim,sthumimif@si.edu
Donn,Crickmer,dcrickmerig@clickbank.net
Jenna,Whenham,jwhenhamih@fda.gov
Othello,Mateu,omateuii@hud.gov
Tersina,Penquet,tpenquetij@telegraph.co.uk
Tremaine,Petett,tpetettik@gizmodo.com
Junina,Cowlin,jcowlinil@wired.com
Flossy,McKinnell,fmckinnellim@loc.gov
Ike,Bigham,ibighamin@usatoday.com
Vilhelmina,Stratford,vstratfordio@berkeley.edu
Constantine,Filippov,cfilippovip@ustream.tv
Danella,Boecke,dboeckeiq@theglobeandmail.com
Dorita,Heinzel,dheinzelir@prlog.org
Alic,McClaurie,amcclaurieis@yelp.com
Jewell,Storry,jstorryit@goodreads.com
Hilarius,Millhouse,hmillhouseiu@spotify.com
Ingeborg,Lambard,ilambardiv@microsoft.com
Sinclare,Spataro,sspataroiw@delicious.com
Jozef,Bernardon,jbernardonix@nytimes.com
Chet,Keddey,ckeddeyiy@e-recht24.de
Beitris,Boyat,bboyatiz@slate.com
Farrand,Kingaby,fkingabyj0@163.com
Christiane,Gentiry,cgentiryj1@dedecms.com
Abbie,Sawley,asawleyj2@example.com
Glenn,Colcomb,gcolcombj3@angelfire.com
Friederike,Snuggs,fsnuggsj4@intel.com
Ellene,Haggidon,ehaggidonj5@google.fr
Daniel,Derisly,dderislyj6@examiner.com
Andris,Eynald,aeynaldj7@usgs.gov
Cyndia,Inwood,cinwoodj8@google.co.uk
Basilius,Valente,bvalentej9@cbsnews.com
Carolyne,Yarrington,cyarringtonja@berkeley.edu
Elbert,Ledstone,eledstonejb@lycos.com
Deena,Shortin,dshortinjc@ucoz.com
Meir,Lamplugh,mlamplughjd@google.fr
Kasey,Mechan,kmechanje@ameblo.jp
Candie,Driffield,cdriffieldjf@blogger.com
Lay,Lunbech,llunbechjg@stumbleupon.com
Gayle,Cowitz,gcowitzjh@altervista.org
Adina,Wilber,awilberji@yellowpages.com
Dolli,Ordemann,dordemannjj@paypal.com
Melisent,Braven,mbravenjk@redcross.org
Steffen,Lemerle,slemerlejl@i2i.jp
Bernice,Yurkiewicz,byurkiewiczjm@ox.ac.uk
Rodrigo,Ibbitt,ribbittjn@last.fm
Saw,Leads,sleadsjo@virginia.edu
Demetre,Maccari,dmaccarijp@google.co.uk
Esdras,McKerron,emckerronjq@uiuc.edu
Conn,Lukianov,clukianovjr@ebay.co.uk
Arron,Kyffin,akyffinjs@kickstarter.com
Cynthie,Tellenbach,ctellenbachjt@twitter.com
Marj,Attow,mattowju@so-net.ne.jp
Zachariah,Friedank,zfriedankjv@friendfeed.com
Ernestus,Benda,ebendajw@japanpost.jp
Aymer,Quinell,aquinelljx@msn.com
Maxine,Coalburn,mcoalburnjy@alexa.com
Bevon,Pfeffer,bpfefferjz@rediff.com
Ivor,Trusty,itrustyk0@toplist.cz
Vyky,Darlow,vdarlowk1@histats.com
Terrijo,Cunnell,tcunnellk2@mit.edu
Raffarty,Beldum,rbeldumk3@cargocollective.com
Marquita,Liven,mlivenk4@odnoklassniki.ru
Fawnia,Huc,fhuck5@theatlantic.com
Darryl,Dzeniskevich,ddzeniskevichk6@barnesandnoble.com
Kassia,Delafoy,kdelafoyk7@umn.edu
Catlaina,Corsar,ccorsark8@mapquest.com
Hamnet,Dudding,hduddingk9@tiny.cc
Kaylee,Muggeridge,kmuggeridgeka@wsj.com
Carmen,Halliburton,challiburtonkb@virginia.edu
Beilul,Sloan,bsloankc@webeden.co.uk
Linell,Mordue,lmorduekd@ning.com
James,Alexsandrowicz,jalexsandrowiczke@usgs.gov
Terrel,Olivetti,tolivettikf@ask.com
Renee,Mathan,rmathankg@sun.com
Viole,Guillot,vguillotkh@army.mil
Gilli,Vanini,gvaniniki@howstuffworks.com
Angelika,Brisco,abriscokj@privacy.gov.au
Bartholomeus,Wombwell,bwombwellkk@google.co.jp
Montgomery,Trimby,mtrimbykl@toplist.cz
Alistair,Flowers,aflowerskm@usa.gov
Mort,Clowney,mclowneykn@livejournal.com
Tonya,Aylwin,taylwinko@i2i.jp
Kellby,Mordey,kmordeykp@gizmodo.com
Tony,Saker,tsakerkq@narod.ru
Roseanne,Toderini,rtoderinikr@jimdo.com
Jacquenette,Withringten,jwithringtenks@com.com
Candie,McVeighty,cmcveightykt@mapy.cz
Duke,Sugars,dsugarsku@wikipedia.org
Garrick,Alchin,galchinkv@oaic.gov.au
Sutton,Pattillo,spattillokw@prlog.org
Ester,Hale,ehalekx@addthis.com
Niki,Whitnell,nwhitnellky@omniture.com
Elly,Retallack,eretallackkz@blogs.com
Esther,Pashby,epashbyl0@xinhuanet.com
Josepha,Wardrop,jwardropl1@vimeo.com
Penn,Belsham,pbelshaml2@arstechnica.com
Aurea,Boldra,aboldral3@scientificamerican.com
Jacquenetta,Pyzer,jpyzerl4@illinois.edu
Jeanelle,Tweedle,jtweedlel5@elpais.com
Riley,Uebel,ruebell6@ovh.net
Bartolomeo,Giovani,bgiovanil7@nymag.com
Halimeda,Mayler,hmaylerl8@domainmarket.com
April,Mulvy,amulvyl9@state.gov
Shae,Rigmond,srigmondla@smh.com.au
Mortimer,MacKereth,mmackerethlb@ibm.com
Romy,Million,rmillionlc@nydailynews.com
Pattin,Ledekker,pledekkerld@tiny.cc
Pam,Poizer,ppoizerle@wix.com
Keir,Gotling,kgotlinglf@gnu.org
Constantine,Hext,chextlg@fda.gov
Johan,Redfield,jredfieldlh@time.com
Karisa,Crab,kcrabli@toplist.cz
Barbra,Shwalbe,bshwalbelj@deliciousdays.com
Sisely,Mapson,smapsonlk@usgs.gov
Sharia,Shillitoe,sshillitoell@deviantart.com
Andreas,Ledekker,aledekkerlm@cafepress.com
Sherwin,Lamb,slambln@sciencedaily.com
Seana,Shreenan,sshreenanlo@last.fm
Bran,Cokly,bcoklylp@newsvine.com
Danyette,Beavon,dbeavonlq@salon.com
Baxy,Mitchelhill,bmitchelhilllr@bizjournals.com
Edythe,Carnalan,ecarnalanls@bravesites.com
Carl,Tuckey,ctuckeylt@livejournal.com
Tatum,Bisseker,tbissekerlu@histats.com
Sonny,Morcombe,smorcombelv@ow.ly
Tiebout,Masselin,tmasselinlw@odnoklassniki.ru
Mora,Goomes,mgoomeslx@umn.edu
Mitchael,Eastcott,meastcottly@a8.net
Riley,Ianizzi,rianizzilz@creativecommons.org
Kienan,Gomery,kgomerym0@chicagotribune.com
Zolly,Martignon,zmartignonm1@amazon.co.jp
Alexine,Pipes,apipesm2@reddit.com
Mord,Brettoner,mbrettonerm3@google.ca
Isidore,Rogge,iroggem4@w3.org
Bonni,Camsey,bcamseym5@google.fr
Anallise,McMechan,amcmechanm6@mayoclinic.com
Letisha,Lightwood,llightwoodm7@wikia.com
Doria,Hospital,dhospitalm8@devhub.com
Zacharia,Dellar,zdellarm9@csmonitor.com
Eirena,Lamburne,elamburnema@umich.edu
Em,De Gowe,edegowemb@state.tx.us
Remus,Ledeker,rledekermc@ustream.tv
Ruthie,Gandey,rgandeymd@hhs.gov
Park,Snoxall,psnoxallme@ask.com
Henrie,De Meyer,hdemeyermf@163.com
Lynnet,Eyckel,leyckelmg@arizona.edu
Genovera,Stearns,gstearnsmh@un.org
Shane,Kleinber,skleinbermi@google.es
Meaghan,Bellefonte,mbellefontemj@indiegogo.com
Noll,Van Baaren,nvanbaarenmk@unblog.fr
Lavina,Boich,lboichml@wired.com
Cassy,Kinkead,ckinkeadmm@merriam-webster.com
Reuben,Eagers,reagersmn@jigsy.com
Marice,Stacy,mstacymo@state.tx.us
Trent,Chetter,tchettermp@wired.com
Adham,Goodredge,agoodredgemq@dyndns.org
Marwin,Poplee,mpopleemr@oracle.com
Noah,Forshaw,nforshawms@hp.com
Lacey,Gowanlock,lgowanlockmt@yellowpages.com
Minerva,Brockbank,mbrockbankmu@godaddy.com
Susannah,Pedler,spedlermv@themeforest.net
Mycah,Bampkin,mbampkinmw@jigsy.com
Marcelline,Borgars,mborgarsmx@freewebs.com
Lavina,Gobel,lgobelmy@gov.uk
Maurizio,Crittal,mcrittalmz@chicagotribune.com
Clare,Niemiec,cniemiecn0@marketwatch.com
Devinne,Haslegrave,dhaslegraven1@spiegel.de
Ashley,Claris,aclarisn2@yahoo.com
Raimund,Birrel,rbirreln3@google.cn
Michell,Skellern,mskellernn4@google.nl
Ellyn,Bulman,ebulmann5@seesaa.net
Torrance,McQuarrie,tmcquarrien6@umich.edu
Jordon,McGhie,jmcghien7@illinois.edu
Obidiah,Casbourne,ocasbournen8@webs.com
Marlee,Hobbert,mhobbertn9@webnode.com
Frasquito,McCreery,fmccreeryna@diigo.com
Ursuline,Ironside,uironsidenb@princeton.edu
Donielle,Petracek,dpetraceknc@wordpress.org
Reidar,Petrasch,rpetraschnd@wp.com
Minny,Wallbutton,mwallbuttonne@chicagotribune.com
Merell,Foster,mfosternf@hexun.com
Hermia,Pidwell,hpidwellng@printfriendly.com
Rustie,Babon,rbabonnh@statcounter.com
Lucinda,Lipp,llippni@myspace.com
Daile,Ozintsev,dozintsevnj@com.com
Pren,Bleyman,pbleymannk@springer.com
Aloisia,Dubarry,adubarrynl@zimbio.com
Arnaldo,Ickovitz,aickovitznm@google.it
Edsel,Gainsboro,egainsboronn@cam.ac.uk
Delmar,O'Bruen,dobruenno@huffingtonpost.com
Andrey,Diboll,adibollnp@craigslist.org
Blondell,Abreheart,babreheartnq@tripod.com
Roderic,Gaish,rgaishnr@ebay.co.uk
Adamo,Thickins,athickinsns@oracle.com
Juliane,Vasin,jvasinnt@woothemes.com
Sunshine,Kilgrew,skilgrewnu@google.it
Kele,Nelle,knellenv@hp.com
Erinn,McCool,emccoolnw@arstechnica.com
Laurette,Stanier,lstaniernx@patch.com
Hayes,Shackelton,hshackeltonny@msn.com
Jocelyn,Penner,jpennernz@fda.gov
Margit,Lux,mluxo0@biblegateway.com
Christiane,Mulford,cmulfordo1@posterous.com
Del,Flockhart,dflockharto2@prnewswire.com
Welbie,Walton,wwaltono3@nydailynews.com
Magnum,Ramme,mrammeo4@chicagotribune.com
Daisy,Brasier,dbrasiero5@homestead.com
Karlene,Rakestraw,krakestrawo6@who.int
Grantley,Vondra,gvondrao7@japanpost.jp
Janek,McGann,jmcganno8@1688.com
Zackariah,O'Ferris,zoferriso9@vkontakte.ru
Madelena,Stovell,mstovelloa@addthis.com
Vilma,Wanley,vwanleyob@arstechnica.com
Waldon,Adkin,wadkinoc@tripod.com
Valaree,Lodo,vlodood@washington.edu
Alyda,Freer,afreeroe@timesonline.co.uk
Clemmie,Farlambe,cfarlambeof@opensource.org
Kerwin,Wanklyn,kwanklynog@spotify.com
Valle,Doughton,vdoughtonoh@tripadvisor.com
Eleen,Binge,ebingeoi@dion.ne.jp
Angie,Palmar,apalmaroj@nps.gov
Walton,Twycross,wtwycrossok@google.fr
Pam,Berthomier,pberthomierol@360.cn
Sigfrid,Setter,ssetterom@taobao.com
Conant,Ferro,cferroon@github.com
Janey,Adolthine,jadolthineoo@dmoz.org
Gene,Chessman,gchessmanop@house.gov
Huey,Slessor,hslessoroq@weibo.com
Elissa,Basketter,ebasketteror@hp.com
Jefferson,Ethington,jethingtonos@istockphoto.com
Minnnie,Mussared,mmussaredot@wordpress.org
Jarrid,Goves,jgovesou@linkedin.com
Deanna,Jephson,djephsonov@comsenz.com
Judi,Groneway,jgronewayow@nationalgeographic.com
Herman,Errowe,herroweox@edublogs.org
Eliot,Huckel,ehuckeloy@slideshare.net
Brigid,Ancliff,bancliffoz@fastcompany.com
Clarke,McCuffie,cmccuffiep0@livejournal.com
Hadleigh,Maestro,hmaestrop1@deliciousdays.com
Mirelle,Gothup,mgothupp2@prweb.com
Carlyn,Siddele,csiddelep3@mtv.com
Clive,Claire,cclairep4@wisc.edu
Eloise,McGaw,emcgawp5@tumblr.com
Harbert,Vedntyev,hvedntyevp6@slideshare.net
Robbert,Deval,rdevalp7@amazon.com
Rosalinda,Filchagin,rfilchaginp8@bizjournals.com
Danice,Marusik,dmarusikp9@bbc.co.uk
Rab,Scholler,rschollerpa@nbcnews.com
Claus,Patrono,cpatronopb@adobe.com
Nanon,Real,nrealpc@phpbb.com
Matilda,Paulmann,mpaulmannpd@sfgate.com
Sarene,Bortolutti,sbortoluttipe@wikimedia.org
Benn,Hullett,bhullettpf@phoca.cz
Darleen,Kellie,dkelliepg@fastcompany.com
Chick,Hague,chagueph@narod.ru
Adorne,Colly,acollypi@google.pl
Odey,Moorman,omoormanpj@elegantthemes.com
Nolie,Ryves,nryvespk@cnet.com
Iggy,Yellowlee,iyellowleepl@weibo.com
Melba,Saterthwait,msaterthwaitpm@ibm.com
Miriam,Winear,mwinearpn@jigsy.com
Freeland,Moriarty,fmoriartypo@pbs.org
Robers,Robel,rrobelpp@va.gov
Jacquetta,Dreng,jdrengpq@skyrock.com
Garrot,Brearley,gbrearleypr@pen.io
Hillard,Hatch,hhatchps@quantcast.com
Dick,Jephcott,djephcottpt@berkeley.edu
Edmund,Trevorrow,etrevorrowpu@yelp.com
Hattie,Trivett,htrivettpv@sitemeter.com
Pattin,Rule,prulepw@cyberchimps.com
Ferdinande,Sanders,fsanderspx@opera.com
Odilia,Sherwood,osherwoodpy@shinystat.com
Moore,Gremain,mgremainpz@blinklist.com
Lauritz,Gowdie,lgowdieq0@reference.com
Bertrando,Steuart,bsteuartq1@bloglines.com
Gayle,Rodell,grodellq2@cyberchimps.com
Brittany,Kellert,bkellertq3@gmpg.org
Rosabelle,Last,rlastq4@symantec.com
Raddie,Pracy,rpracyq5@wufoo.com
Nikki,Cawthra,ncawthraq6@digg.com
Nicolas,Swindlehurst,nswindlehurstq7@tripadvisor.com
Blythe,Akroyd,bakroydq8@examiner.com
Jammal,Purse,jpurseq9@ebay.com
Jesselyn,Sweetenham,jsweetenhamqa@blogs.com
Jude,Ratlee,jratleeqb@hatena.ne.jp
Thea,Diboll,tdibollqc@msn.com
Dorena,Bromehead,dbromeheadqd@ucoz.com
Napoleon,O'Donohue,nodonohueqe@adobe.com
Ayn,Checcucci,acheccucciqf@imgur.com
Germaine,Kretchmer,gkretchmerqg@walmart.com
Lock,Farlam,lfarlamqh@histats.com
Emmye,Birchenough,ebirchenoughqi@artisteer.com
Donella,Elsey,delseyqj@ustream.tv
Nappie,Lepoidevin,nlepoidevinqk@trellian.com
Preston,Tyhurst,ptyhurstql@vkontakte.ru
Trey,Tilston,ttilstonqm@woothemes.com
Hollie,Benyon,hbenyonqn@spotify.com
Thibaud,Clabburn,tclabburnqo@nydailynews.com
Elka,Stamper,estamperqp@blogspot.com
Kiri,McFetridge,kmcfetridgeqq@vinaora.com
Taffy,Gouldsmith,tgouldsmithqr@google.cn
Neddie,Birchenough,nbirchenoughqs@phoca.cz
Arda,Mirrlees,amirrleesqt@themeforest.net
Babita,Chatburn,bchatburnqu@artisteer.com
Maxie,Latore,mlatoreqv@netlog.com
Vivianna,Caldairou,vcaldairouqw@discovery.com
Skelly,Kingsley,skingsleyqx@spiegel.de
Felicity,Hapke,fhapkeqy@tripod.com
Alwin,Harpur,aharpurqz@scribd.com
Etan,Seldon,eseldonr0@studiopress.com
Valina,Waterman,vwatermanr1@princeton.edu
Wes,Farmloe,wfarmloer2@tripadvisor.com
Idaline,Filyukov,ifilyukovr3@businessweek.com
Laney,Tsarovic,ltsarovicr4@imageshack.us
Marie,Evanson,mevansonr5@quantcast.com
Dotty,Williamson,dwilliamsonr6@cisco.com
Harmon,Brosnan,hbrosnanr7@blogtalkradio.com
Jorey,Piotrowski,jpiotrowskir8@google.cn
Sean,Paragreen,sparagreenr9@fema.gov
Adolphus,Eilhersen,aeilhersenra@archive.org
Giffy,Nagle,gnaglerb@elegantthemes.com
Maddy,Beneix,mbeneixrc@jimdo.com
Deborah,Olyonov,dolyonovrd@mit.edu
Pat,Babinski,pbabinskire@buzzfeed.com
Reece,Lindro,rlindrorf@g.co
Jada,Windsor,jwindsorrg@foxnews.com
Augy,Sutton,asuttonrh@xinhuanet.com
Claudianus,Coytes,ccoytesri@toplist.cz
Rianon,McKeating,rmckeatingrj@ft.com
Benedicta,Curnock,bcurnockrk@vinaora.com
Virgilio,McClaren,vmcclarenrl@imageshack.us
Giulio,Bentote,gbentoterm@twitpic.com
Joseph,Godmar,jgodmarrn@va.gov
Brooke,Creasy,bcreasyro@statcounter.com
Almeria,Bricksey,abrickseyrp@mtv.com
Adrienne,Ogborne,aogbornerq@rambler.ru
Madge,Surmeir,msurmeirrr@fastcompany.com
